{
    "SNRs": [
        0.5, 
        0.59, 
        0.6799999999999999, 
        0.77, 
        0.86, 
        0.95, 
        1.04, 
        1.13, 
        1.22, 
        1.31, 
        1.4, 
        1.49, 
        1.58, 
        1.67, 
        1.76, 
        1.8499999999999999, 
        1.94, 
        2.0300000000000002, 
        2.12, 
        2.21, 
        2.3, 
        2.3899999999999997, 
        2.48, 
        2.57, 
        2.66, 
        2.75, 
        2.84, 
        2.9299999999999997, 
        3.02, 
        3.11, 
        3.1999999999999997, 
        3.29, 
        3.38, 
        3.4699999999999998, 
        3.56, 
        3.65, 
        3.7399999999999998, 
        3.83, 
        3.92, 
        4.01, 
        4.1, 
        4.1899999999999995, 
        4.279999999999999, 
        4.369999999999999, 
        4.46, 
        4.55, 
        4.64, 
        4.7299999999999995, 
        4.82, 
        4.91, 
        5.0
    ], 
    "total_events": 10000, 
    "triggered": [
        3.0, 
        3.0, 
        1.0, 
        2.0, 
        3.0, 
        1.0, 
        4.0, 
        3.0, 
        2.0, 
        4.0, 
        6.0, 
        24.0, 
        42.0, 
        124.0, 
        308.0, 
        625.0, 
        1253.0, 
        2066.0, 
        2991.0, 
        4049.0, 
        4938.0, 
        5700.0, 
        6146.0, 
        6599.0, 
        6810.0, 
        6985.0, 
        7157.0, 
        7298.0, 
        7427.0, 
        7565.0, 
        7660.0, 
        7790.0, 
        7905.0, 
        8051.0, 
        8186.0, 
        8356.0, 
        8533.0, 
        8714.0, 
        8953.0, 
        9193.0, 
        9404.0, 
        9578.0, 
        9745.0, 
        9859.0, 
        9928.0, 
        9975.0, 
        9988.0, 
        9998.0, 
        10000.0, 
        10000.0, 
        10000.0
    ]
}