{
  "SNRs": [
    0.5,
    0.59,
    0.6799999999999999,
    0.77,
    0.86,
    0.95,
    1.04,
    1.13,
    1.22,
    1.31,
    1.4,
    1.49,
    1.58,
    1.67,
    1.76,
    1.8499999999999999,
    1.94,
    2.0300000000000002,
    2.12,
    2.21,
    2.3,
    2.3899999999999997,
    2.48,
    2.57,
    2.66,
    2.75,
    2.84,
    2.9299999999999997,
    3.02,
    3.11,
    3.1999999999999997,
    3.29,
    3.38,
    3.4699999999999998,
    3.56,
    3.65,
    3.7399999999999998,
    3.83,
    3.92,
    4.01,
    4.1,
    4.1899999999999995,
    4.279999999999999,
    4.369999999999999,
    4.46,
    4.55,
    4.64,
    4.7299999999999995,
    4.82,
    4.91,
    5.0
  ],
  "total_events": 10000,
  "triggered": [
    10.0,
    7.0,
    15.0,
    13.0,
    28.0,
    60.0,
    107.0,
    201.0,
    433.0,
    815.0,
    1444.0,
    2339.0,
    3416.0,
    4722.0,
    6074.0,
    7199.0,
    8232.0,
    9018.0,
    9472.0,
    9663.0,
    9879.0,
    9935.0,
    9971.0,
    9997.0,
    9997.0,
    10000.0,
    10000.0,
    10000.0,
    10000.0,
    10000.0,
    10000.0,
    10000.0,
    10000.0,
    10000.0,
    10000.0,
    10000.0,
    10000.0,
    10000.0,
    10000.0,
    10000.0,
    10000.0,
    10000.0,
    10000.0,
    10000.0,
    10000.0,
    10000.0,
    10000.0,
    10000.0,
    10000.0,
    10000.0,
    10000.0
  ]
}