{
  "SNRs": [
    0.5,
    0.59,
    0.6799999999999999,
    0.77,
    0.86,
    0.95,
    1.04,
    1.13,
    1.22,
    1.31,
    1.4,
    1.49,
    1.58,
    1.67,
    1.76,
    1.8499999999999999,
    1.94,
    2.0300000000000002,
    2.12,
    2.21,
    2.3,
    2.3899999999999997,
    2.48,
    2.57,
    2.66,
    2.75,
    2.84,
    2.9299999999999997,
    3.02,
    3.11,
    3.1999999999999997,
    3.29,
    3.38,
    3.4699999999999998,
    3.56,
    3.65,
    3.7399999999999998,
    3.83,
    3.92,
    4.01,
    4.1,
    4.1899999999999995,
    4.279999999999999,
    4.369999999999999,
    4.46,
    4.55,
    4.64,
    4.7299999999999995,
    4.82,
    4.91,
    5.0
  ],
  "total_events": 10000,
  "triggered": [
    5.0,
    4.0,
    6.0,
    2.0,
    1.0,
    3.0,
    4.0,
    4.0,
    11.0,
    35.0,
    87.0,
    220.0,
    489.0,
    996.0,
    1701.0,
    2666.0,
    3789.0,
    4749.0,
    5672.0,
    6321.0,
    6749.0,
    7079.0,
    7323.0,
    7523.0,
    7693.0,
    7908.0,
    8117.0,
    8297.0,
    8513.0,
    8762.0,
    9008.0,
    9312.0,
    9482.0,
    9687.0,
    9814.0,
    9899.0,
    9961.0,
    9986.0,
    9993.0,
    9999.0,
    10000.0,
    10000.0,
    10000.0,
    10000.0,
    10000.0,
    10000.0,
    10000.0,
    10000.0,
    10000.0,
    10000.0,
    10000.0
  ]
}