{
  "SNRs": [
    0.5,
    0.59,
    0.6799999999999999,
    0.77,
    0.86,
    0.95,
    1.04,
    1.13,
    1.22,
    1.31,
    1.4,
    1.49,
    1.58,
    1.67,
    1.76,
    1.8499999999999999,
    1.94,
    2.0300000000000002,
    2.12,
    2.21,
    2.3,
    2.3899999999999997,
    2.48,
    2.57,
    2.66,
    2.75,
    2.84,
    2.9299999999999997,
    3.02,
    3.11,
    3.1999999999999997,
    3.29,
    3.38,
    3.4699999999999998,
    3.56,
    3.65,
    3.7399999999999998,
    3.83,
    3.92,
    4.01,
    4.1,
    4.1899999999999995,
    4.279999999999999,
    4.369999999999999,
    4.46,
    4.55,
    4.64,
    4.7299999999999995,
    4.82,
    4.91,
    5.0
  ],
  "total_events": 10000,
  "triggered": [
    5.0,
    6.0,
    3.0,
    8.0,
    4.0,
    12.0,
    33.0,
    92.0,
    278.0,
    615.0,
    1389.0,
    2372.0,
    4008.0,
    5691.0,
    7250.0,
    8450.0,
    9247.0,
    9697.0,
    9879.0,
    9969.0,
    9996.0,
    10000.0,
    10000.0,
    10000.0,
    10000.0,
    10000.0,
    10000.0,
    10000.0,
    10000.0,
    10000.0,
    10000.0,
    10000.0,
    10000.0,
    10000.0,
    10000.0,
    10000.0,
    10000.0,
    10000.0,
    10000.0,
    10000.0,
    10000.0,
    10000.0,
    10000.0,
    10000.0,
    10000.0,
    10000.0,
    10000.0,
    10000.0,
    10000.0,
    10000.0,
    10000.0
  ]
}