{
    "SNRs": [
        0.5, 
        0.59, 
        0.6799999999999999, 
        0.77, 
        0.86, 
        0.95, 
        1.04, 
        1.13, 
        1.22, 
        1.31, 
        1.4, 
        1.49, 
        1.58, 
        1.67, 
        1.76, 
        1.8499999999999999, 
        1.94, 
        2.0300000000000002, 
        2.12, 
        2.21, 
        2.3, 
        2.3899999999999997, 
        2.48, 
        2.57, 
        2.66, 
        2.75, 
        2.84, 
        2.9299999999999997, 
        3.02, 
        3.11, 
        3.1999999999999997, 
        3.29, 
        3.38, 
        3.4699999999999998, 
        3.56, 
        3.65, 
        3.7399999999999998, 
        3.83, 
        3.92, 
        4.01, 
        4.1, 
        4.1899999999999995, 
        4.279999999999999, 
        4.369999999999999, 
        4.46, 
        4.55, 
        4.64, 
        4.7299999999999995, 
        4.82, 
        4.91, 
        5.0
    ], 
    "total_events": 10000, 
    "triggered": [
        2.0, 
        5.0, 
        6.0, 
        2.0, 
        3.0, 
        2.0, 
        3.0, 
        2.0, 
        5.0, 
        6.0, 
        9.0, 
        29.0, 
        84.0, 
        194.0, 
        448.0, 
        916.0, 
        1569.0, 
        2552.0, 
        3494.0, 
        4450.0, 
        5275.0, 
        5853.0, 
        6313.0, 
        6600.0, 
        6822.0, 
        6931.0, 
        7104.0, 
        7182.0, 
        7267.0, 
        7353.0, 
        7454.0, 
        7520.0, 
        7592.0, 
        7693.0, 
        7777.0, 
        7840.0, 
        7938.0, 
        8013.0, 
        8077.0, 
        8188.0, 
        8280.0, 
        8389.0, 
        8504.0, 
        8628.0, 
        8745.0, 
        8923.0, 
        9081.0, 
        9248.0, 
        9430.0, 
        9589.0, 
        9715.0
    ]
}