{
    "SNRs": [
        0.5, 
        0.59, 
        0.6799999999999999, 
        0.77, 
        0.86, 
        0.95, 
        1.04, 
        1.13, 
        1.22, 
        1.31, 
        1.4, 
        1.49, 
        1.58, 
        1.67, 
        1.76, 
        1.8499999999999999, 
        1.94, 
        2.0300000000000002, 
        2.12, 
        2.21, 
        2.3, 
        2.3899999999999997, 
        2.48, 
        2.57, 
        2.66, 
        2.75, 
        2.84, 
        2.9299999999999997, 
        3.02, 
        3.11, 
        3.1999999999999997, 
        3.29, 
        3.38, 
        3.4699999999999998, 
        3.56, 
        3.65, 
        3.7399999999999998, 
        3.83, 
        3.92, 
        4.01, 
        4.1, 
        4.1899999999999995, 
        4.279999999999999, 
        4.369999999999999, 
        4.46, 
        4.55, 
        4.64, 
        4.7299999999999995, 
        4.82, 
        4.91, 
        5.0
    ], 
    "total_events": 10000, 
    "triggered": [
        4.0, 
        2.0, 
        3.0, 
        2.0, 
        5.0, 
        14.0, 
        26.0, 
        76.0, 
        180.0, 
        373.0, 
        823.0, 
        1653.0, 
        2760.0, 
        4501.0, 
        5945.0, 
        7404.0, 
        8541.0, 
        9310.0, 
        9705.0, 
        9889.0, 
        9966.0, 
        9989.0, 
        9998.0, 
        9999.0, 
        10000.0, 
        10000.0, 
        10000.0, 
        10000.0, 
        10000.0, 
        10000.0, 
        10000.0, 
        10000.0, 
        10000.0, 
        10000.0, 
        10000.0, 
        10000.0, 
        10000.0, 
        10000.0, 
        10000.0, 
        10000.0, 
        10000.0, 
        10000.0, 
        10000.0, 
        10000.0, 
        10000.0, 
        10000.0, 
        10000.0, 
        10000.0, 
        10000.0, 
        10000.0, 
        10000.0
    ]
}