{
  "SNRs": [
    0.5,
    0.59,
    0.6799999999999999,
    0.77,
    0.86,
    0.95,
    1.04,
    1.13,
    1.22,
    1.31,
    1.4,
    1.49,
    1.58,
    1.67,
    1.76,
    1.8499999999999999,
    1.94,
    2.0300000000000002,
    2.12,
    2.21,
    2.3,
    2.3899999999999997,
    2.48,
    2.57,
    2.66,
    2.75,
    2.84,
    2.9299999999999997,
    3.02,
    3.11,
    3.1999999999999997,
    3.29,
    3.38,
    3.4699999999999998,
    3.56,
    3.65,
    3.7399999999999998,
    3.83,
    3.92,
    4.01,
    4.1,
    4.1899999999999995,
    4.279999999999999,
    4.369999999999999,
    4.46,
    4.55,
    4.64,
    4.7299999999999995,
    4.82,
    4.91,
    5.0
  ],
  "total_events": 10000,
  "triggered": [
    3.0,
    3.0,
    5.0,
    2.0,
    4.0,
    2.0,
    4.0,
    3.0,
    6.0,
    9.0,
    10.0,
    26.0,
    73.0,
    193.0,
    446.0,
    812.0,
    1520.0,
    2373.0,
    3387.0,
    4345.0,
    5262.0,
    5831.0,
    6354.0,
    6661.0,
    6889.0,
    7068.0,
    7189.0,
    7318.0,
    7408.0,
    7502.0,
    7639.0,
    7709.0,
    7824.0,
    7901.0,
    8004.0,
    8138.0,
    8223.0,
    8280.0,
    8431.0,
    8572.0,
    8732.0,
    8904.0,
    9083.0,
    9280.0,
    9458.0,
    9637.0,
    9748.0,
    9870.0,
    9931.0,
    9978.0,
    9990.0
  ]
}