{
  "SNRs": [
    0.5,
    0.59,
    0.6799999999999999,
    0.77,
    0.86,
    0.95,
    1.04,
    1.13,
    1.22,
    1.31,
    1.4,
    1.49,
    1.58,
    1.67,
    1.76,
    1.8499999999999999,
    1.94,
    2.0300000000000002,
    2.12,
    2.21,
    2.3,
    2.3899999999999997,
    2.48,
    2.57,
    2.66,
    2.75,
    2.84,
    2.9299999999999997,
    3.02,
    3.11,
    3.1999999999999997,
    3.29,
    3.38,
    3.4699999999999998,
    3.56,
    3.65,
    3.7399999999999998,
    3.83,
    3.92,
    4.01,
    4.1,
    4.1899999999999995,
    4.279999999999999,
    4.369999999999999,
    4.46,
    4.55,
    4.64,
    4.7299999999999995,
    4.82,
    4.91,
    5.0
  ],
  "total_events": 10000,
  "triggered": [
    1.0,
    4.0,
    3.0,
    4.0,
    4.0,
    6.0,
    2.0,
    2.0,
    6.0,
    5.0,
    28.0,
    83.0,
    138.0,
    350.0,
    802.0,
    1423.0,
    2283.0,
    3232.0,
    4367.0,
    5186.0,
    5841.0,
    6346.0,
    6738.0,
    6951.0,
    7186.0,
    7371.0,
    7513.0,
    7701.0,
    7829.0,
    8002.0,
    8162.0,
    8355.0,
    8557.0,
    8779.0,
    8971.0,
    9238.0,
    9423.0,
    9676.0,
    9802.0,
    9904.0,
    9945.0,
    9982.0,
    9995.0,
    9999.0,
    10000.0,
    10000.0,
    10000.0,
    10000.0,
    10000.0,
    10000.0,
    10000.0
  ]
}