{
    "SNRs": [
        0.5, 
        0.59, 
        0.6799999999999999, 
        0.77, 
        0.86, 
        0.95, 
        1.04, 
        1.13, 
        1.22, 
        1.31, 
        1.4, 
        1.49, 
        1.58, 
        1.67, 
        1.76, 
        1.8499999999999999, 
        1.94, 
        2.0300000000000002, 
        2.12, 
        2.21, 
        2.3, 
        2.3899999999999997, 
        2.48, 
        2.57, 
        2.66, 
        2.75, 
        2.84, 
        2.9299999999999997, 
        3.02, 
        3.11, 
        3.1999999999999997, 
        3.29, 
        3.38, 
        3.4699999999999998, 
        3.56, 
        3.65, 
        3.7399999999999998, 
        3.83, 
        3.92, 
        4.01, 
        4.1, 
        4.1899999999999995, 
        4.279999999999999, 
        4.369999999999999, 
        4.46, 
        4.55, 
        4.64, 
        4.7299999999999995, 
        4.82, 
        4.91, 
        5.0
    ], 
    "total_events": 10000, 
    "triggered": [
        3.0, 
        9.0, 
        8.0, 
        5.0, 
        11.0, 
        7.0, 
        15.0, 
        29.0, 
        76.0, 
        209.0, 
        440.0, 
        848.0, 
        1436.0, 
        2396.0, 
        3607.0, 
        4880.0, 
        6122.0, 
        7314.0, 
        8323.0, 
        9011.0, 
        9435.0, 
        9715.0, 
        9881.0, 
        9947.0, 
        9970.0, 
        9988.0, 
        9999.0, 
        10000.0, 
        10000.0, 
        10000.0, 
        10000.0, 
        10000.0, 
        10000.0, 
        10000.0, 
        10000.0, 
        10000.0, 
        10000.0, 
        10000.0, 
        10000.0, 
        10000.0, 
        10000.0, 
        10000.0, 
        10000.0, 
        10000.0, 
        10000.0, 
        10000.0, 
        10000.0, 
        10000.0, 
        10000.0, 
        10000.0, 
        10000.0
    ]
}