{
    "SNRs": [
        0.5, 
        0.59, 
        0.6799999999999999, 
        0.77, 
        0.86, 
        0.95, 
        1.04, 
        1.13, 
        1.22, 
        1.31, 
        1.4, 
        1.49, 
        1.58, 
        1.67, 
        1.76, 
        1.8499999999999999, 
        1.94, 
        2.0300000000000002, 
        2.12, 
        2.21, 
        2.3, 
        2.3899999999999997, 
        2.48, 
        2.57, 
        2.66, 
        2.75, 
        2.84, 
        2.9299999999999997, 
        3.02, 
        3.11, 
        3.1999999999999997, 
        3.29, 
        3.38, 
        3.4699999999999998, 
        3.56, 
        3.65, 
        3.7399999999999998, 
        3.83, 
        3.92, 
        4.01, 
        4.1, 
        4.1899999999999995, 
        4.279999999999999, 
        4.369999999999999, 
        4.46, 
        4.55, 
        4.64, 
        4.7299999999999995, 
        4.82, 
        4.91, 
        5.0
    ], 
    "total_events": 10000, 
    "triggered": [
        2.0, 
        5.0, 
        0.0, 
        7.0, 
        6.0, 
        4.0, 
        5.0, 
        10.0, 
        45.0, 
        105.0, 
        253.0, 
        509.0, 
        1050.0, 
        1715.0, 
        2508.0, 
        3293.0, 
        4173.0, 
        4858.0, 
        5524.0, 
        6064.0, 
        6637.0, 
        7119.0, 
        7543.0, 
        7963.0, 
        8330.0, 
        8682.0, 
        9007.0, 
        9296.0, 
        9437.0, 
        9629.0, 
        9738.0, 
        9821.0, 
        9903.0, 
        9953.0, 
        9969.0, 
        9986.0, 
        9999.0, 
        9999.0, 
        10000.0, 
        10000.0, 
        10000.0, 
        10000.0, 
        10000.0, 
        10000.0, 
        10000.0, 
        10000.0, 
        10000.0, 
        10000.0, 
        10000.0, 
        10000.0, 
        10000.0
    ]
}