{
  "SNRs": [
    0.5,
    0.59,
    0.6799999999999999,
    0.77,
    0.86,
    0.95,
    1.04,
    1.13,
    1.22,
    1.31,
    1.4,
    1.49,
    1.58,
    1.67,
    1.76,
    1.8499999999999999,
    1.94,
    2.0300000000000002,
    2.12,
    2.21,
    2.3,
    2.3899999999999997,
    2.48,
    2.57,
    2.66,
    2.75,
    2.84,
    2.9299999999999997,
    3.02,
    3.11,
    3.1999999999999997,
    3.29,
    3.38,
    3.4699999999999998,
    3.56,
    3.65,
    3.7399999999999998,
    3.83,
    3.92,
    4.01,
    4.1,
    4.1899999999999995,
    4.279999999999999,
    4.369999999999999,
    4.46,
    4.55,
    4.64,
    4.7299999999999995,
    4.82,
    4.91,
    5.0
  ],
  "total_events": 10000,
  "triggered": [
    9.0,
    7.0,
    10.0,
    2.0,
    5.0,
    8.0,
    14.0,
    22.0,
    50.0,
    121.0,
    279.0,
    549.0,
    998.0,
    1760.0,
    2600.0,
    3729.0,
    4871.0,
    5915.0,
    7056.0,
    7868.0,
    8616.0,
    9065.0,
    9494.0,
    9734.0,
    9840.0,
    9920.0,
    9970.0,
    9987.0,
    9994.0,
    9998.0,
    10000.0,
    10000.0,
    10000.0,
    10000.0,
    10000.0,
    10000.0,
    10000.0,
    10000.0,
    10000.0,
    10000.0,
    10000.0,
    10000.0,
    10000.0,
    10000.0,
    10000.0,
    10000.0,
    10000.0,
    10000.0,
    10000.0,
    10000.0,
    10000.0
  ]
}