{
    "z_antenna": -1.0,
    "theta": [
        0.0,
        0.03173325912716963,
        0.06346651825433926,
        0.0951997773815089,
        0.12693303650867852,
        0.15866629563584814,
        0.1903995547630178,
        0.2221328138901874,
        0.25386607301735703,
        0.28559933214452665,
        0.3173325912716963,
        0.3490658503988659,
        0.3807991095260356,
        0.4125323686532052,
        0.4442656277803748,
        0.47599888690754444,
        0.5077321460347141,
        0.5394654051618837,
        0.5711986642890533,
        0.6029319234162229,
        0.6346651825433925,
        0.6663984416705622,
        0.6981317007977318,
        0.7298649599249014,
        0.7615982190520711,
        0.7933314781792408,
        0.8250647373064104,
        0.85679799643358,
        0.8885312555607496,
        0.9202645146879193,
        0.9519977738150889,
        0.9837310329422585,
        1.0154642920694281,
        1.0471975511965979,
        1.0789308103237674,
        1.110664069450937,
        1.1423973285781066,
        1.1741305877052763,
        1.2058638468324459,
        1.2375971059596156,
        1.269330365086785,
        1.3010636242139548,
        1.3327968833411243,
        1.364530142468294,
        1.3962634015954636,
        1.4279966607226333,
        1.4597299198498028,
        1.4914631789769726,
        1.5231964381041423,
        1.5549296972313118,
        1.5866629563584815,
        1.618396215485651,
        1.6501294746128208,
        1.6818627337399903,
        1.71359599286716,
        1.7453292519943295,
        1.7770625111214993,
        1.8087957702486688,
        1.8405290293758385,
        1.872262288503008,
        1.9039955476301778,
        1.9357288067573473,
        1.967462065884517,
        1.9991953250116865,
        2.0309285841388562,
        2.0626618432660258,
        2.0943951023931957,
        2.126128361520365,
        2.1578616206475347,
        2.1895948797747042,
        2.221328138901874,
        2.2530613980290437,
        2.284794657156213,
        2.3165279162833827,
        2.3482611754105527,
        2.379994434537722,
        2.4117276936648917,
        2.443460952792061,
        2.475194211919231,
        2.5069274710464007,
        2.53866073017357,
        2.57039398930074,
        2.6021272484279097,
        2.633860507555079,
        2.6655937666822487,
        2.6973270258094186,
        2.729060284936588,
        2.7607935440637577,
        2.792526803190927,
        2.824260062318097,
        2.8559933214452666,
        2.887726580572436,
        2.9194598396996057,
        2.9511930988267756,
        2.982926357953945,
        3.0146596170811146,
        3.0463928762082846,
        3.078126135335454,
        3.1098593944626236,
        3.141592653589793
    ],
    "eff_temperature": [
        3.179451868554848,
        3.1806811991784407,
        3.1846112907283874,
        3.1916224223647345,
        3.2024367979649035,
        3.2180856230291472,
        3.2399249819959213,
        3.269670386982454,
        3.30944829486285,
        3.36187862966223,
        3.4300671764407094,
        3.517850794774179,
        3.629952930708629,
        3.7722537545697623,
        3.9522401103379012,
        4.179517542269031,
        4.466534534018971,
        4.830280171875171,
        5.294053617658719,
        6.014231656321348,
        6.790841609336733,
        7.819456281039397,
        9.211811483959927,
        11.148144681874017,
        13.944311426087502,
        18.182784858497946,
        25.087851065533048,
        37.78832693031847,
        66.65122922463577,
        249.3328309717861,
        249.16673411679443,
        249.00306043511554,
        248.84398152259914,
        248.6915583567514,
        248.54612905877337,
        248.4083442659952,
        248.27753876459107,
        248.15740609129085,
        248.0487313604802,
        247.95018811822118,
        247.86694785427596,
        247.7992580804277,
        247.75877764990378,
        247.7551945768455,
        247.67153191383724,
        247.59771479237125,
        247.5348041582031,
        247.48190543597468,
        247.43986606658356,
        247.40837015844352,
        247.38969190817716,
        247.3822092259342,
        247.3867808193435,
        247.4031777262271,
        247.4318216840517,
        247.47292293827155,
        247.525542180353,
        247.5894999120224,
        247.66559990382038,
        247.75221506669098,
        247.85118848642458,
        247.95834352796183,
        248.07660244786854,
        248.20278214225945,
        248.33887490985273,
        248.48129868626194,
        248.63100386385096,
        248.78740418888293,
        248.9503208270486,
        249.1157250082033,
        249.2851984395363,
        249.4590473217521,
        249.63321035681764,
        249.8079044615624,
        249.98380578623906,
        250.1594075754386,
        250.3360194050697,
        250.50673043872584,
        250.67861712199965,
        250.8418080545691,
        251.00427837357313,
        251.1620497179385,
        251.31433803099924,
        251.4603326508839,
        251.59940325878156,
        251.73080507109228,
        251.85793549988065,
        251.97664378365445,
        252.0864665417646,
        252.1870640674215,
        252.2779909486772,
        252.35915796932971,
        252.43472247091054,
        252.50015548360435,
        252.55540610109242,
        252.6003598110404,
        252.63477546005294,
        252.65878365396455,
        252.67687776481188,
        252.67981430658816
    ],
    "attenuation_model": "GL3"
}