{
    "z_antenna": -100,
    "theta": [
        0.0,
        0.03173325912716963,
        0.06346651825433926,
        0.0951997773815089,
        0.12693303650867852,
        0.15866629563584814,
        0.1903995547630178,
        0.2221328138901874,
        0.25386607301735703,
        0.28559933214452665,
        0.3173325912716963,
        0.3490658503988659,
        0.3807991095260356,
        0.4125323686532052,
        0.4442656277803748,
        0.47599888690754444,
        0.5077321460347141,
        0.5394654051618837,
        0.5711986642890533,
        0.6029319234162229,
        0.6346651825433925,
        0.6663984416705622,
        0.6981317007977318,
        0.7298649599249014,
        0.7615982190520711,
        0.7933314781792408,
        0.8250647373064104,
        0.85679799643358,
        0.8885312555607496,
        0.9202645146879193,
        0.9519977738150889,
        0.9837310329422585,
        1.0154642920694281,
        1.0471975511965979,
        1.0789308103237674,
        1.110664069450937,
        1.1423973285781066,
        1.1741305877052763,
        1.2058638468324459,
        1.2375971059596156,
        1.269330365086785,
        1.3010636242139548,
        1.3327968833411243,
        1.364530142468294,
        1.3962634015954636,
        1.4279966607226333,
        1.4597299198498028,
        1.4914631789769726,
        1.5231964381041423,
        1.5549296972313118,
        1.5866629563584815,
        1.618396215485651,
        1.6501294746128208,
        1.6818627337399903,
        1.71359599286716,
        1.7453292519943295,
        1.7770625111214993,
        1.8087957702486688,
        1.8405290293758385,
        1.872262288503008,
        1.9039955476301778,
        1.9357288067573473,
        1.967462065884517,
        1.9991953250116865,
        2.0309285841388562,
        2.0626618432660258,
        2.0943951023931957,
        2.126128361520365,
        2.1578616206475347,
        2.1895948797747042,
        2.221328138901874,
        2.2530613980290437,
        2.284794657156213,
        2.3165279162833827,
        2.3482611754105527,
        2.379994434537722,
        2.4117276936648917,
        2.443460952792061,
        2.475194211919231,
        2.5069274710464007,
        2.53866073017357,
        2.57039398930074,
        2.6021272484279097,
        2.633860507555079,
        2.6655937666822487,
        2.6973270258094186,
        2.729060284936588,
        2.7607935440637577,
        2.792526803190927,
        2.824260062318097,
        2.8559933214452666,
        2.887726580572436,
        2.9194598396996057,
        2.9511930988267756,
        2.982926357953945,
        3.0146596170811146,
        3.0463928762082846,
        3.078126135335454,
        3.1098593944626236,
        3.141592653589793
    ],
    "eff_temperature": [
        35.48719615240897,
        35.48579345886648,
        35.48286220318211,
        35.47941812805421,
        35.47341564613995,
        35.47278684848616,
        36.563137012843555,
        36.59278834991168,
        36.647458452303646,
        37.809230588869525,
        37.96043592562879,
        39.25808771063,
        39.62050566556293,
        41.23942270738081,
        42.13790966983929,
        44.668809380186076,
        48.34589194555391,
        54.66035072963927,
        68.99178212353458,
        142.87774269092353,
        248.94816120343515,
        248.64581853385573,
        248.3584423581257,
        248.08512688600516,
        247.83810303534761,
        247.62823101405257,
        247.28909527962455,
        246.93653340102875,
        246.5346745806879,
        246.0980292307168,
        245.6503892548925,
        245.19870900050844,
        244.78838193775144,
        244.3985404303614,
        244.07596371729898,
        243.81121922580277,
        243.59033920128803,
        243.4055637997783,
        243.2482148754366,
        243.11780720219903,
        243.0073732166362,
        242.91691183448302,
        242.84237158289685,
        242.78294180296982,
        242.73628849874189,
        242.70301043267133,
        242.68315118692342,
        242.67765854534176,
        242.68879354475408,
        242.71561447706682,
        242.75599413008408,
        242.80433719372007,
        242.85669882332462,
        242.9097834164158,
        242.96174065987307,
        243.01581910341358,
        243.07358508742269,
        243.14069398942965,
        243.22063664102666,
        243.31832194023664,
        243.43964196926606,
        243.58551122218753,
        243.76012736003923,
        243.96577898764795,
        244.2028923777353,
        244.46656137181878,
        244.76078027937425,
        245.0846374183424,
        245.42723514739768,
        245.7926089268577,
        246.17254178017143,
        246.57033644641893,
        246.96960261045686,
        247.38389740677022,
        247.79700313055287,
        248.20200525319723,
        248.62176120439247,
        249.01674332761127,
        249.40690414459834,
        249.80291120213684,
        250.18276889216622,
        250.54450356434228,
        250.86768918064385,
        251.21040881156327,
        251.5101127345177,
        251.81439813479005,
        252.0765678253867,
        252.3482708100392,
        252.5924642136553,
        252.79767883808924,
        253.02682985014945,
        253.18343470667452,
        253.36281660265007,
        253.45932060794985,
        253.58707237299672,
        253.70192294682334,
        253.79546063632515,
        253.81826259050604,
        253.8664953561406,
        253.85205217680584
    ],
    "attenuation_model": "GL3"
}