{
    "z_antenna": -40,
    "theta": [
        0.0,
        0.03173325912716963,
        0.06346651825433926,
        0.0951997773815089,
        0.12693303650867852,
        0.15866629563584814,
        0.1903995547630178,
        0.2221328138901874,
        0.25386607301735703,
        0.28559933214452665,
        0.3173325912716963,
        0.3490658503988659,
        0.3807991095260356,
        0.4125323686532052,
        0.4442656277803748,
        0.47599888690754444,
        0.5077321460347141,
        0.5394654051618837,
        0.5711986642890533,
        0.6029319234162229,
        0.6346651825433925,
        0.6663984416705622,
        0.6981317007977318,
        0.7298649599249014,
        0.7615982190520711,
        0.7933314781792408,
        0.8250647373064104,
        0.85679799643358,
        0.8885312555607496,
        0.9202645146879193,
        0.9519977738150889,
        0.9837310329422585,
        1.0154642920694281,
        1.0471975511965979,
        1.0789308103237674,
        1.110664069450937,
        1.1423973285781066,
        1.1741305877052763,
        1.2058638468324459,
        1.2375971059596156,
        1.269330365086785,
        1.3010636242139548,
        1.3327968833411243,
        1.364530142468294,
        1.3962634015954636,
        1.4279966607226333,
        1.4597299198498028,
        1.4914631789769726,
        1.5231964381041423,
        1.5549296972313118,
        1.5866629563584815,
        1.618396215485651,
        1.6501294746128208,
        1.6818627337399903,
        1.71359599286716,
        1.7453292519943295,
        1.7770625111214993,
        1.8087957702486688,
        1.8405290293758385,
        1.872262288503008,
        1.9039955476301778,
        1.9357288067573473,
        1.967462065884517,
        1.9991953250116865,
        2.0309285841388562,
        2.0626618432660258,
        2.0943951023931957,
        2.126128361520365,
        2.1578616206475347,
        2.1895948797747042,
        2.221328138901874,
        2.2530613980290437,
        2.284794657156213,
        2.3165279162833827,
        2.3482611754105527,
        2.379994434537722,
        2.4117276936648917,
        2.443460952792061,
        2.475194211919231,
        2.5069274710464007,
        2.53866073017357,
        2.57039398930074,
        2.6021272484279097,
        2.633860507555079,
        2.6655937666822487,
        2.6973270258094186,
        2.729060284936588,
        2.7607935440637577,
        2.792526803190927,
        2.824260062318097,
        2.8559933214452666,
        2.887726580572436,
        2.9194598396996057,
        2.9511930988267756,
        2.982926357953945,
        3.0146596170811146,
        3.0463928762082846,
        3.078126135335454,
        3.1098593944626236,
        3.141592653589793
    ],
    "eff_temperature": [
        17.11732273094081,
        17.15757100215547,
        17.161102184424184,
        17.24638314191998,
        17.297699282363894,
        17.39577840574152,
        17.544032843760895,
        17.707792118409586,
        17.932063995513786,
        18.224550850775053,
        18.55676491794798,
        18.94332257106081,
        19.482735827413993,
        20.127818372502436,
        20.96506753295682,
        22.039426348801786,
        23.547480242097674,
        25.719189141005987,
        29.11310412430473,
        34.9509607391289,
        47.06807451329515,
        85.77870096206362,
        246.13900531698124,
        246.13741016720823,
        246.13123546578305,
        246.12332065712383,
        246.11836089776517,
        246.1257334414729,
        246.23656113629727,
        246.14391994725096,
        246.0354935921787,
        245.90717695556518,
        245.74259229010445,
        245.54203661930308,
        245.32822921974537,
        245.10275366503214,
        244.86974142151303,
        244.64285857052897,
        244.44372689626033,
        244.24768491267474,
        244.06776865979495,
        243.91865547877026,
        243.79156321468997,
        243.68438272834226,
        243.59700778706411,
        243.52863898699542,
        243.4743400289126,
        243.43335801128293,
        243.4052297631203,
        243.3894209562064,
        243.38556287329618,
        243.39320816106945,
        243.412123199026,
        243.441997920766,
        243.4826018872021,
        243.53373671416756,
        243.5949759358435,
        243.6659099654724,
        243.74597332521145,
        243.8344390051768,
        243.9302127838568,
        244.03223400387034,
        244.13924794563053,
        244.24952530868256,
        244.36151422113556,
        244.47376453979737,
        244.58473110389076,
        244.69239913909308,
        244.79568145851758,
        244.89288997341407,
        244.9828440172691,
        245.0649448400427,
        245.13868045821184,
        245.20236063715237,
        245.2560690256806,
        245.30051062661553,
        245.3346678982573,
        245.35856743227095,
        245.37499845958212,
        245.38181347689124,
        245.37908677124216,
        245.37175606167412,
        245.35517333560037,
        245.33441763244593,
        245.30950654655163,
        245.2800267030471,
        245.24726656981773,
        245.2145643013738,
        245.17848386124444,
        245.14421319003154,
        245.10990544388451,
        245.07557943082105,
        245.04617643030303,
        245.0186808599292,
        244.99225317216658,
        244.97113432109018,
        244.9539513110527,
        244.9417331837974,
        244.93521868720256,
        244.93206523203833
    ]
}