{
    "dists": [
        114.5583291503674,
        216.52148550949192,
        495.06038870173546,
        697.3585863403997,
        941.7026626405099,
        1220.5792781563885,
        1576.794875146493,
        1963.4613682808588,
        2312.3657141007648,
        2785.5625368613364,
        3135.597044860918,
        3769.0959726550977,
        4329.669790490673,
        4736.710221630331,
        5170.305431241487,
        5585.3536040871295,
        6019.588733370476,
        6283.606750671162,
        6693.827948344239,
        7097.434937050977
    ],
    "left": [
        1000000000000000.0,
        1778279410038922.8,
        3162277660168379.5,
        5623413251903491.0,
        1e+16,
        1.7782794100389228e+16,
        3.162277660168379e+16,
        5.623413251903491e+16,
        1e+17,
        1.778279410038923e+17,
        3.1622776601683795e+17,
        5.6234132519034906e+17,
        1e+18,
        1.7782794100389228e+18,
        3.1622776601683794e+18,
        5.623413251903491e+18,
        1e+19,
        1.7782794100389229e+19,
        3.162277660168379e+19,
        5.6234132519034905e+19
    ],
    "right": [
        1778279410038922.8,
        3162277660168379.5,
        5623413251903491.0,
        1e+16,
        1.7782794100389228e+16,
        3.162277660168379e+16,
        5.623413251903491e+16,
        1e+17,
        1.778279410038923e+17,
        3.1622776601683795e+17,
        5.6234132519034906e+17,
        1e+18,
        1.7782794100389228e+18,
        3.1622776601683794e+18,
        5.623413251903491e+18,
        1e+19,
        1.7782794100389229e+19,
        3.162277660168379e+19,
        5.6234132519034905e+19,
        1e+20
    ]
}