{
    "z_antenna": -100,
    "theta": [
        0.0,
        0.03173325912716963,
        0.06346651825433926,
        0.0951997773815089,
        0.12693303650867852,
        0.15866629563584814,
        0.1903995547630178,
        0.2221328138901874,
        0.25386607301735703,
        0.28559933214452665,
        0.3173325912716963,
        0.3490658503988659,
        0.3807991095260356,
        0.4125323686532052,
        0.4442656277803748,
        0.47599888690754444,
        0.5077321460347141,
        0.5394654051618837,
        0.5711986642890533,
        0.6029319234162229,
        0.6346651825433925,
        0.6663984416705622,
        0.6981317007977318,
        0.7298649599249014,
        0.7615982190520711,
        0.7933314781792408,
        0.8250647373064104,
        0.85679799643358,
        0.8885312555607496,
        0.9202645146879193,
        0.9519977738150889,
        0.9837310329422585,
        1.0154642920694281,
        1.0471975511965979,
        1.0789308103237674,
        1.110664069450937,
        1.1423973285781066,
        1.1741305877052763,
        1.2058638468324459,
        1.2375971059596156,
        1.269330365086785,
        1.3010636242139548,
        1.3327968833411243,
        1.364530142468294,
        1.3962634015954636,
        1.4279966607226333,
        1.4597299198498028,
        1.4914631789769726,
        1.5231964381041423,
        1.5549296972313118,
        1.5866629563584815,
        1.618396215485651,
        1.6501294746128208,
        1.6818627337399903,
        1.71359599286716,
        1.7453292519943295,
        1.7770625111214993,
        1.8087957702486688,
        1.8405290293758385,
        1.872262288503008,
        1.9039955476301778,
        1.9357288067573473,
        1.967462065884517,
        1.9991953250116865,
        2.0309285841388562,
        2.0626618432660258,
        2.0943951023931957,
        2.126128361520365,
        2.1578616206475347,
        2.1895948797747042,
        2.221328138901874,
        2.2530613980290437,
        2.284794657156213,
        2.3165279162833827,
        2.3482611754105527,
        2.379994434537722,
        2.4117276936648917,
        2.443460952792061,
        2.475194211919231,
        2.5069274710464007,
        2.53866073017357,
        2.57039398930074,
        2.6021272484279097,
        2.633860507555079,
        2.6655937666822487,
        2.6973270258094186,
        2.729060284936588,
        2.7607935440637577,
        2.792526803190927,
        2.824260062318097,
        2.8559933214452666,
        2.887726580572436,
        2.9194598396996057,
        2.9511930988267756,
        2.982926357953945,
        3.0146596170811146,
        3.0463928762082846,
        3.078126135335454,
        3.1098593944626236,
        3.141592653589793
    ],
    "eff_temperature": [
        34.76047775750257,
        34.79523523324002,
        34.86377517550424,
        34.9673998949845,
        35.10842338459202,
        35.32614639572351,
        35.589238041906796,
        35.939971958549606,
        36.31524935641152,
        36.83496284789298,
        37.445018657850554,
        38.207822337044256,
        39.16543580449454,
        40.3885137350517,
        42.0048418394333,
        44.30081116022984,
        47.81459115606519,
        54.06631360121582,
        68.29211222786522,
        140.74211947806972,
        245.83862606424515,
        245.82478296587692,
        245.80705409287992,
        245.79180927481397,
        245.8002228288772,
        245.8429520123452,
        245.70905291034165,
        245.54250995998473,
        245.31066843263739,
        245.03016943050022,
        244.71652729818732,
        244.37806126945884,
        244.06108761579395,
        243.74497115650098,
        243.48103831267954,
        243.26243447599123,
        243.08006137304412,
        242.92461829855364,
        242.78904263924008,
        242.67294693518895,
        242.57270267447325,
        242.48885199027288,
        242.41876418278724,
        242.36264432317935,
        242.31889143563566,
        242.2883163787042,
        242.27081725344672,
        242.26789871255474,
        242.28043465541592,
        242.30759711156009,
        242.3465108854142,
        242.39244813407115,
        242.44099836430533,
        242.48983189159256,
        242.53901172115775,
        242.59040293799063,
        242.64692022534018,
        242.71190600744234,
        242.78861015957185,
        242.87975127992408,
        242.98716311896388,
        243.11157670165747,
        243.25253661126902,
        243.4084618158342,
        243.57677830662755,
        243.75433575634386,
        243.93745074430214,
        244.1223734350174,
        244.30507127509318,
        244.4822701325885,
        244.65088805832073,
        244.8081047374283,
        244.95205879477157,
        245.08082941845407,
        245.19339266278735,
        245.2894913942592,
        245.3681424802041,
        245.4301297072553,
        245.47676668603907,
        245.50880365985694,
        245.5258304143905,
        245.5291182618027,
        245.5225159311618,
        245.5061414839518,
        245.48069940634153,
        245.4479177206244,
        245.4110042693256,
        245.36808896747527,
        245.32318912956524,
        245.28005010579082,
        245.23420490513655,
        245.1905076901991,
        245.15082922333195,
        245.11083777963387,
        245.0795867457167,
        245.05144441043834,
        245.0287386366358,
        245.01033553890085,
        245.00056160186597,
        244.99721290565375
    ]
}
