{
    "z_antenna": -2.0,
    "theta": [
        0.0,
        0.03173325912716963,
        0.06346651825433926,
        0.0951997773815089,
        0.12693303650867852,
        0.15866629563584814,
        0.1903995547630178,
        0.2221328138901874,
        0.25386607301735703,
        0.28559933214452665,
        0.3173325912716963,
        0.3490658503988659,
        0.3807991095260356,
        0.4125323686532052,
        0.4442656277803748,
        0.47599888690754444,
        0.5077321460347141,
        0.5394654051618837,
        0.5711986642890533,
        0.6029319234162229,
        0.6346651825433925,
        0.6663984416705622,
        0.6981317007977318,
        0.7298649599249014,
        0.7615982190520711,
        0.7933314781792408,
        0.8250647373064104,
        0.85679799643358,
        0.8885312555607496,
        0.9202645146879193,
        0.9519977738150889,
        0.9837310329422585,
        1.0154642920694281,
        1.0471975511965979,
        1.0789308103237674,
        1.110664069450937,
        1.1423973285781066,
        1.1741305877052763,
        1.2058638468324459,
        1.2375971059596156,
        1.269330365086785,
        1.3010636242139548,
        1.3327968833411243,
        1.364530142468294,
        1.3962634015954636,
        1.4279966607226333,
        1.4597299198498028,
        1.4914631789769726,
        1.5231964381041423,
        1.5549296972313118,
        1.5866629563584815,
        1.618396215485651,
        1.6501294746128208,
        1.6818627337399903,
        1.71359599286716,
        1.7453292519943295,
        1.7770625111214993,
        1.8087957702486688,
        1.8405290293758385,
        1.872262288503008,
        1.9039955476301778,
        1.9357288067573473,
        1.967462065884517,
        1.9991953250116865,
        2.0309285841388562,
        2.0626618432660258,
        2.0943951023931957,
        2.126128361520365,
        2.1578616206475347,
        2.1895948797747042,
        2.221328138901874,
        2.2530613980290437,
        2.284794657156213,
        2.3165279162833827,
        2.3482611754105527,
        2.379994434537722,
        2.4117276936648917,
        2.443460952792061,
        2.475194211919231,
        2.5069274710464007,
        2.53866073017357,
        2.57039398930074,
        2.6021272484279097,
        2.633860507555079,
        2.6655937666822487,
        2.6973270258094186,
        2.729060284936588,
        2.7607935440637577,
        2.792526803190927,
        2.824260062318097,
        2.8559933214452666,
        2.887726580572436,
        2.9194598396996057,
        2.9511930988267756,
        2.982926357953945,
        3.0146596170811146,
        3.0463928762082846,
        3.078126135335454,
        3.1098593944626236,
        3.141592653589793
    ],
    "eff_temperature": [
        3.5537771097312483,
        3.5551045085685855,
        3.5591926581408444,
        3.566509079304818,
        3.577893502584329,
        3.594422628080944,
        3.617584634676052,
        3.64931509692839,
        3.6919052908994363,
        3.748274729354348,
        3.9463667764930848,
        4.041564728803432,
        4.163707785330375,
        4.319616778913144,
        4.518015984019528,
        4.770153239429257,
        5.0913946292979135,
        5.502625409369303,
        6.032919475444125,
        6.8480104857569755,
        7.765345020090149,
        9.006515437180923,
        10.732694848499417,
        13.341457283809236,
        17.10547328641265,
        23.20076338795413,
        34.31580591651415,
        58.699367684431806,
        189.24452235237536,
        249.20400338630307,
        249.03179765147848,
        248.8634300779164,
        248.6995479656857,
        248.54393048130046,
        248.39575038499305,
        248.25744262550126,
        248.12876483351624,
        248.01395966804841,
        247.91298334060608,
        247.83427131579228,
        247.8192270532503,
        247.73108217793154,
        247.62396893898824,
        247.52509463965583,
        247.4367534607022,
        247.3577042173363,
        247.2892285803761,
        247.23160564443478,
        247.18573300475268,
        247.15077827796313,
        247.12875076783786,
        247.11918929751917,
        247.1221268763542,
        247.13722542262946,
        247.1664907887804,
        247.20754000935005,
        247.26191160303412,
        247.32838853935775,
        247.40746984902805,
        247.49856562177933,
        247.5998564562411,
        247.71372465606123,
        247.8372042800779,
        247.96921737937214,
        248.11140417874134,
        248.26170074333461,
        248.41923822505285,
        248.58336781500302,
        248.7535098651847,
        248.92741422179367,
        249.10668074431436,
        249.28736970104805,
        249.47156042896077,
        249.65763946274183,
        249.84146504749597,
        250.02606487275295,
        250.21006545210253,
        250.39226887509653,
        250.56847229058252,
        250.74323305981017,
        250.91262693645132,
        251.0788986096139,
        251.23806048107863,
        251.39274525065568,
        251.53883954323186,
        251.67568560934077,
        251.80648707682496,
        251.9310580297597,
        252.04512810648805,
        252.15248930727378,
        252.24871148264205,
        252.3335166782316,
        252.41118373699135,
        252.48176395041236,
        252.5359616518712,
        252.5828624276015,
        252.62247662158725,
        252.64546272757272,
        252.66112233864888,
        252.66951928394639
    ],
    "attenuation_model": "GL3"
}