{
    "z_antenna": -3.0,
    "theta": [
        0.0,
        0.03173325912716963,
        0.06346651825433926,
        0.0951997773815089,
        0.12693303650867852,
        0.15866629563584814,
        0.1903995547630178,
        0.2221328138901874,
        0.25386607301735703,
        0.28559933214452665,
        0.3173325912716963,
        0.3490658503988659,
        0.3807991095260356,
        0.4125323686532052,
        0.4442656277803748,
        0.47599888690754444,
        0.5077321460347141,
        0.5394654051618837,
        0.5711986642890533,
        0.6029319234162229,
        0.6346651825433925,
        0.6663984416705622,
        0.6981317007977318,
        0.7298649599249014,
        0.7615982190520711,
        0.7933314781792408,
        0.8250647373064104,
        0.85679799643358,
        0.8885312555607496,
        0.9202645146879193,
        0.9519977738150889,
        0.9837310329422585,
        1.0154642920694281,
        1.0471975511965979,
        1.0789308103237674,
        1.110664069450937,
        1.1423973285781066,
        1.1741305877052763,
        1.2058638468324459,
        1.2375971059596156,
        1.269330365086785,
        1.3010636242139548,
        1.3327968833411243,
        1.364530142468294,
        1.3962634015954636,
        1.4279966607226333,
        1.4597299198498028,
        1.4914631789769726,
        1.5231964381041423,
        1.5549296972313118,
        1.5866629563584815,
        1.618396215485651,
        1.6501294746128208,
        1.6818627337399903,
        1.71359599286716,
        1.7453292519943295,
        1.7770625111214993,
        1.8087957702486688,
        1.8405290293758385,
        1.872262288503008,
        1.9039955476301778,
        1.9357288067573473,
        1.967462065884517,
        1.9991953250116865,
        2.0309285841388562,
        2.0626618432660258,
        2.0943951023931957,
        2.126128361520365,
        2.1578616206475347,
        2.1895948797747042,
        2.221328138901874,
        2.2530613980290437,
        2.284794657156213,
        2.3165279162833827,
        2.3482611754105527,
        2.379994434537722,
        2.4117276936648917,
        2.443460952792061,
        2.475194211919231,
        2.5069274710464007,
        2.53866073017357,
        2.57039398930074,
        2.6021272484279097,
        2.633860507555079,
        2.6655937666822487,
        2.6973270258094186,
        2.729060284936588,
        2.7607935440637577,
        2.792526803190927,
        2.824260062318097,
        2.8559933214452666,
        2.887726580572436,
        2.9194598396996057,
        2.9511930988267756,
        2.982926357953945,
        3.0146596170811146,
        3.0463928762082846,
        3.078126135335454,
        3.1098593944626236,
        3.141592653589793
    ],
    "eff_temperature": [
        3.927512757503477,
        4.05329849236642,
        4.05752729116549,
        4.06516924996139,
        4.077076081417696,
        4.094416010142754,
        4.118801200095547,
        4.152380442274541,
        4.197558880977505,
        4.257631411443707,
        4.336383744641416,
        4.4387065987028524,
        4.570599786053473,
        4.739769391231047,
        5.080049176681915,
        5.356980533860738,
        5.712339312294237,
        6.1714547802443045,
        6.893725249089622,
        7.686211223962851,
        8.755271585593015,
        10.234847001854286,
        12.471786618988391,
        15.635729567248706,
        20.79490542740888,
        29.6223368937565,
        48.02965326012191,
        107.88001153758734,
        249.27198296829246,
        249.09013562232118,
        248.91153177839857,
        248.74000513421947,
        248.57433897887577,
        248.4156165949121,
        248.26780622909104,
        248.13108460557592,
        248.00892919698356,
        247.90572688127455,
        247.84370079221472,
        247.78463008420698,
        247.65494793137225,
        247.53268909652215,
        247.41957178885627,
        247.3153989397531,
        247.22105093636404,
        247.1371251924691,
        247.06352966854232,
        247.00072819797657,
        246.94981502208597,
        246.9116404293474,
        246.88608909787408,
        246.87348753147364,
        246.87461651640857,
        246.88925367186317,
        246.91755132029607,
        246.96025908561026,
        247.0155459643597,
        247.08452490454636,
        247.16569000629525,
        247.26000119157177,
        247.36667639973084,
        247.48362439982603,
        247.61298384010001,
        247.75156420388922,
        247.8993676883494,
        248.0566956080574,
        248.22124050937725,
        248.39214602586955,
        248.5701551289664,
        248.75319068687418,
        248.93909114653775,
        249.12930654275107,
        249.32217146140687,
        249.51577995815404,
        249.70823737553945,
        249.90259318517337,
        250.09255205469717,
        250.28167677300652,
        250.46906330693008,
        250.6506562552414,
        250.82840980217728,
        251.00148870820905,
        251.16577450996488,
        251.3274691992857,
        251.47898542052198,
        251.62337916620504,
        251.76027425021084,
        251.889385099208,
        252.0064312638256,
        252.11939549182435,
        252.2197130932469,
        252.30723207472855,
        252.3905370236206,
        252.46085684307005,
        252.51790743109,
        252.57090045457034,
        252.60592293980883,
        252.63229652947194,
        252.65003960332484,
        252.6543238799249
    ],
    "attenuation_model": "GL3"
}