{
    "0.0": {
        "simple_threshold": {
            "Veff": [
                297675.7876519394, 
                4253.526243230569, 
                0.0, 
                3136209.8749313564, 
                6272419.749862713, 
                11995931.308381883, 
                40859354.21863945, 
                28285218.63427031, 
                53260922.18066846, 
                100453420.4982179, 
                165547968.62272602, 
                277815607.1016274, 
                430382115.94262874, 
                618513047.4760097, 
                867257166.7804756, 
                1332394611.6195872, 
                1763511933.4097474, 
                2296443825.092825, 
                3172821752.6191936, 
                3692633657.6353707, 
                4884167556.304578, 
                5703950558.920629, 
                7011288686.227578, 
                8601637096.829252, 
                9943343612.084694, 
                11810260167.18634, 
                13812822909.85075, 
                15797445006.306444, 
                18162770354.302036, 
                21136862507.94624, 
                24039670009.923218, 
                27216848815.20241, 
                31057647149.306404, 
                34654020587.371216, 
                39296465760.37665, 
                44317916279.483986, 
                48900054248.70099, 
                54335084015.649704, 
                60753495849.54208, 
                67172788102.961426, 
                74261627934.67026, 
                81228934408.0735, 
                89577285871.71082, 
                97305178260.21146, 
                106076037986.39455, 
                113564621542.79214, 
                121619881102.90286, 
                132173342376.81929, 
                139934989937.11728
            ], 
            "Veff_error": [
                683218.026973082, 
                81669.9179848351, 
                NaN, 
                2217635.2697881763, 
                3136209.8749313564, 
                4337151.036587583, 
                8004483.436918813, 
                6659894.218206134, 
                9138857.425602036, 
                12550757.135271618, 
                16112001.333934583, 
                20872087.22675063, 
                25978535.774876963, 
                31143111.014060143, 
                36877503.24087788, 
                45709239.428515315, 
                52586802.242192574, 
                60008873.516677745, 
                70535930.24821225, 
                76094921.45202577, 
                87515068.76219022, 
                94574801.26600084, 
                104854358.07285605, 
                116139009.81937934, 
                124868755.95211086, 
                136087204.69213527, 
                147173217.01069117, 
                157391395.9329787, 
                168763532.40743768, 
                182057184.59111598, 
                194156445.26413792, 
                206588661.3766007, 
                220684502.94684088, 
                233111863.246155, 
                248235738.73195133, 
                263619315.18014646, 
                276912290.28291166, 
                291895723.7140564, 
                308654915.4152053, 
                324551969.16301334, 
                341247747.8732945, 
                356897034.32555413, 
                374788719.49433625, 
                390620954.98170036, 
                407845999.0158811, 
                421996734.30332786, 
                436706693.38979757, 
                455260003.49518067, 
                468436493.7156408
            ], 
            "energies": [
                1000000000000000.0, 
                1264855216855295.8, 
                1599858719606057.2, 
                2023589647725155.5, 
                2559547922699533.0, 
                3237457542817640.0, 
                4094915062380419.0, 
                5179474679231202.0, 
                6551285568595496.0, 
                8286427728546859.0, 
                1.0481131341546832e+16, 
                1.3257113655901108e+16, 
                1.6768329368110032e+16, 
                2.1209508879201924e+16, 
                2.6826957952797164e+16, 
                3.3932217718953296e+16, 
                4.291934260128761e+16, 
                5.428675439323859e+16, 
                6.8664884500430264e+16, 
                8.68511373751352e+16, 
                1.0985411419875618e+17, 
                1.389495494373136e+17, 
                1.7575106248547965e+17, 
                2.222996482526191e+17, 
                2.8117686979742365e+17, 
                3.556480306223121e+17, 
                4.4984326689694534e+17, 
                5.6898660290182816e+17, 
                7.196856730011529e+17, 
                9.10298177991519e+17, 
                1.1513953993264481e+18, 
                1.4563484775012385e+18, 
                1.8420699693267164e+18, 
                2.329951810515381e+18, 
                2.9470517025518095e+18, 
                3.727593720314953e+18, 
                4.71486636345739e+18, 
                5.963623316594661e+18, 
                7.543120063354608e+18, 
                9.540954763499962e+18, 
                1.2067926406393264e+19, 
                1.5264179671752366e+19, 
                1.9306977288832455e+19, 
                2.442053094548655e+19, 
                3.0888435964774973e+19, 
                3.906939937054621e+19, 
                4.941713361323818e+19, 
                6.250551925273976e+19, 
                7.906043210907733e+19
            ]
        }
    }
}