{
    "shallow (no PA)": {
        "Veff": [
            3365929.558336489, 
            32863897.14398139, 
            231654149.47658473, 
            1091997135.7084377, 
            2941393200.699282, 
            5422616594.99084, 
            8678088138.812132, 
            12679590121.008402
        ], 
        "Veff_error": [
            375289.3583950204, 
            1466573.7345174046, 
            3896971.526084225, 
            12680792.032543559, 
            27749228.247950997, 
            47096521.2539835, 
            59579438.84576943, 
            86493018.30875146
        ], 
        "energies": [
            1e+16, 
            3.162277660168379e+16, 
            1e+17, 
            3.1622776601683795e+17, 
            1e+18, 
            3.1622776601683794e+18, 
            1e+19, 
            3.162277660168379e+19
        ]
    }, 
    "shallow + PA@15m@2s": {
        "Veff": [
            14425473.2442393, 
            110373571.29482897, 
            557065032.2532321, 
            1920988302.1002226, 
            4341721469.625079, 
            7474681798.979147, 
            11630660188.542105, 
            16987506159.805302
        ], 
        "Veff_error": [
            895135.595550965, 
            3293092.1394644766, 
            7407457.963857708, 
            20607483.17544803, 
            41307823.243624106, 
            67749750.1707743, 
            84511055.7310658, 
            122870774.99994528
        ], 
        "energies": [
            1e+16, 
            3.162277660168379e+16, 
            1e+17, 
            3.1622776601683795e+17, 
            1e+18, 
            3.1622776601683794e+18, 
            1e+19, 
            3.162277660168379e+19
        ]
    }, 
    "shallow + PA@15m@2s + 3x3s": {
        "Veff": [
            10605774.474215189, 
            85782099.34096052, 
            448396210.11210865, 
            1511771796.7910733, 
            3360032104.980638, 
            5770650330.055196, 
            9056512867.37562, 
            13277920433.266376
        ], 
        "Veff_error": [
            767529.3409035549, 
            2903151.3000628655, 
            6645799.170713985, 
            18281242.657551102, 
            36339006.02774212, 
            59528333.28715079, 
            74574757.13715726, 
            108629758.7116487
        ], 
        "energies": [
            1e+16, 
            3.162277660168379e+16, 
            1e+17, 
            3.1622776601683795e+17, 
            1e+18, 
            3.1622776601683794e+18, 
            1e+19, 
            3.162277660168379e+19
        ]
    }, 
    "shallow + PA@40m@2s": {
        "Veff": [
            19776608.56362181, 
            167377456.77065432, 
            848479740.7118105, 
            3001040065.3133693, 
            7137872819.538307, 
            12696521285.82679, 
            19633503594.43491, 
            28640751031.376877
        ], 
        "Veff_error": [
            1048092.7129112782, 
            4055270.394551736, 
            9141910.919206923, 
            25757190.533461954, 
            52964604.44838949, 
            88298579.30958374, 
            109801998.9625947, 
            159542350.0843558
        ], 
        "energies": [
            1e+16, 
            3.162277660168379e+16, 
            1e+17, 
            3.1622776601683795e+17, 
            1e+18, 
            3.1622776601683794e+18, 
            1e+19, 
            3.162277660168379e+19
        ]
    }, 
    "shallow + PA@40m@2s + 3x3s": {
        "Veff": [
            5839833.015649029, 
            82249691.17973404, 
            466100952.9030891, 
            1558807393.4167802, 
            3447435810.551306, 
            5871442961.556419, 
            9144002727.422457, 
            13400775185.821493
        ], 
        "Veff_error": [
            569539.7065768386, 
            2842748.720777285, 
            6775732.342346873, 
            18563455.544435907, 
            36808610.61019943, 
            60045956.401171215, 
            74934103.68438542, 
            109131153.25448495
        ], 
        "energies": [
            1e+16, 
            3.162277660168379e+16, 
            1e+17, 
            3.1622776601683795e+17, 
            1e+18, 
            3.1622776601683794e+18, 
            1e+19, 
            3.162277660168379e+19
        ]
    }, 
    "shallow + PA@50m@2s": {
        "Veff": [
            21976495.750112876, 
            182164239.91919523, 
            956588138.8130912, 
            3415967475.1438956, 
            8301605599.294565, 
            15147565238.352411, 
            23427201766.83896, 
            34352461776.98144
        ], 
        "Veff_error": [
            1104849.2223604787, 
            4230609.086092018, 
            9706859.47310892, 
            27480172.672690388, 
            57119234.53723021, 
            96445675.51034047, 
            119942073.49320795, 
            174728084.7462612
        ], 
        "energies": [
            1e+16, 
            3.162277660168379e+16, 
            1e+17, 
            3.1622776601683795e+17, 
            1e+18, 
            3.1622776601683794e+18, 
            1e+19, 
            3.162277660168379e+19
        ]
    }, 
    "shallow + PA@50m@2s + 3x3s": {
        "Veff": [
            13248878.496610384, 
            133710653.46492183, 
            807930197.4226847, 
            2951280406.3027625, 
            7262708466.302125, 
            13580326076.772707, 
            21436065865.02578, 
            31952754918.655807
        ], 
        "Veff_error": [
            857853.9419842301, 
            3624552.0470130374, 
            8920786.939062733, 
            25542760.49041752, 
            53425751.05421594, 
            91320113.45899563, 
            114731820.51813695, 
            168514756.8693087
        ], 
        "energies": [
            1e+16, 
            3.162277660168379e+16, 
            1e+17, 
            3.1622776601683795e+17, 
            1e+18, 
            3.1622776601683794e+18, 
            1e+19, 
            3.162277660168379e+19
        ]
    }, 
    "shallow + PA@90m@2s": {
        "Veff": [
            24880278.126693618, 
            236139775.93004233, 
            1338735557.47049, 
            4950196406.622714, 
            12711823836.118498, 
            25184520916.653793, 
            38857264832.27936, 
            62612424814.106186
        ], 
        "Veff_error": [
            1175577.8864541831, 
            4816769.987400451, 
            11483218.958331596, 
            33080632.840634212, 
            70681419.56306398, 
            124359277.5245963, 
            154471177.5023232, 
            235892452.45716712
        ], 
        "energies": [
            1e+16, 
            3.162277660168379e+16, 
            1e+17, 
            3.1622776601683795e+17, 
            1e+18, 
            3.1622776601683794e+18, 
            1e+19, 
            3.162277660168379e+19
        ]
    }, 
    "shallow + PA@90m@2s + 3x3s": {
        "Veff": [
            11009650.816962983, 
            143072229.7028657, 
            1053152478.6580735, 
            4124454305.017271, 
            10832664258.72787, 
            21935771812.39804, 
            34713229634.49739, 
            56531187795.90429
        ], 
        "Veff_error": [
            782006.8641894537, 
            3749289.7753803656, 
            10185019.708062159, 
            30195751.458612956, 
            65248265.60610542, 
            116061399.55374695, 
            146002016.50428295, 
            224144372.29570162
        ], 
        "energies": [
            1e+16, 
            3.162277660168379e+16, 
            1e+17, 
            3.1622776601683795e+17, 
            1e+18, 
            3.1622776601683794e+18, 
            1e+19, 
            3.162277660168379e+19
        ]
    }
}